Metric,Agent_Median,Human_Median,U_Statistic,p_value,Cliff_Delta,Significant
loc_changed,103.0,0.0,45383362.5,0.0,0.49038592663302877,True
files_touched,3.0,0.0,45402109.5,0.0,0.4907950361380063,True
additions,72.0,0.0,45105282.0,0.0,0.48431746897586253,True
deletions,16.0,0.0,42964999.5,0.0,0.43761080049093143,True
complexity_score,15.3,0.0,45402109.5,0.0,0.4907950361380063,True
change_dispersion,0.03296703296703297,0.0,45383362.5,0.0,0.49038592663302877,True
has_tests,44.21110050456839,0.0,3626.551369748393,0.0,,True
