Metric,Agent_Value,Human_Value,Test_Statistic,p_value
acceptance_rate,55.775262511932354,77.59641542646824,713.0723558190155,4.296073176320602e-157
review_time_hours,4.146111111111111,5.640694444444445,19626873.0,0.13902164952566337
review_activity,2.0,0.0,41140291.5,0.0
