Metric,Value
Accuracy,0.7074846625766871
ROC-AUC,0.7448803889480426
CV ROC-AUC Mean,0.6103626567520207
CV ROC-AUC Std,0.11705016972268956
